{
    "isolation_forest": {
        "accuracy": 0.9804398148148148,
        "precision": 0.6421296296296296,
        "recall": 0.9506511309115833,
        "f1_score": 0.7665100856590218
    },
    "zscore": {
        "accuracy": 0.9790972222222222,
        "precision": 0.9483870967741935,
        "recall": 0.4030157642220699,
        "f1_score": 0.5656565656565656
    },
    "lstm": {
        "accuracy": 0.9782719481121149,
        "precision": 0.6206577119036591,
        "recall": 0.9184372858122002,
        "f1_score": 0.7407407407407407
    }
}